{
  "project_info": {
    "project_number": "102703943960",
    "firebase_url": "https://fluid-root-257717.firebaseio.com",
    "project_id": "fluid-root-257717",
    "storage_bucket": "fluid-root-257717.appspot.com"
  },
  "client": [
    {
      "client_info": {
        "mobilesdk_app_id": "1:102703943960:android:682ada040618f0983b0e6d",
        "android_client_info": {
          "package_name": "spartons.com.googlemapspolylineexample"
        }
      },
      "oauth_client": [
        {
          "client_id": "102703943960-tl0f96ut7362i8up9blo6qtengbl9iok.apps.googleusercontent.com",
          "client_type": 1,
          "android_info": {
            "package_name": "spartons.com.googlemapspolylineexample",
            "certificate_hash": "af031325d769009375a23ae5bfb6bb92967993c4"
          }
        },
        {
          "client_id": "102703943960-d8ehhg9l2u9g6r4ocuuks8nlk3kthfrg.apps.googleusercontent.com",
          "client_type": 3
        }
      ],
      "api_key": [
        {
          "current_key": "AIzaSyAI1RZD2cSCINXDAkOGi6r2xSd2fubeZxo"
        }
      ],
      "services": {
        "appinvite_service": {
          "other_platform_oauth_client": [
            {
              "client_id": "102703943960-d8ehhg9l2u9g6r4ocuuks8nlk3kthfrg.apps.googleusercontent.com",
              "client_type": 3
            }
          ]
        }
      }
    }
  ],
  "configuration_version": "1"
}